Adjective;Polarity;Emotion Interval
abandonado;-3;2
abortado;-4;6
aberrante;-4;4
abominable;-5;1
abrasador;-4;
abrasivo;-4;
absorbente;3;
absurdo;-4;6
abundante;2;
aburridísimo;-4;2
aburrido;-3;
abusivo;-5;6
académico;1;
acartonado;-3;
acaudalados;3;
accesible;5;2
aceptable;1;6
acertado;3;6
achicharrante;1;
achispado;-1;
aciago;-2;1
ácido;-2;
acogedor;3;3
acojonante;5;5
acondicionado;2;6
acongojado;-5;3
aconsejable;2;6
acorde;1;2
acostumbrado;2;
activo;3;
actualizable;4;
acuciante;-1;7
acusado;-1;
adaptable;2;3
adaptado;2;3
adecuado;1;6
adelantado;2;2
adicional;1;3
adictivo;2;5
adicto;-2;4
adinerado;3;
admirable;4;4
admirado;3;4
adorable;5;4
adverso;-3;1
aerodinámico;2;
afable;3;3
afamado;3;4
afectado;-1;3
afectuoso;2;3
afiebrado;-2;
afilado;1;
afónico;-1;
afortunado;3;1
afrodisíaco;4;5
ágil;3;2
agitado;-1;5
agobiado;-4;3
agobiante;-4;3
agónico;-4;3
agotado;-3;3
agradable;2;4
agradecido;3;1
agresivo;-4;7
agridulce;-1;3
agrio;-2;3
agudo;4;7
aireado;2;
airoso;3;
ajetreado;-2;7
ajustable;2;3
ajustado;2;6
alarmante;-3;7
alcohólico;-2;
aleccionador;-1;3
alegre;4;1
alentador;3;2
alérgico;-1;4
aletargado;-1;
álgido;4;6
aliviado;3;1
altanero;-2;4
alto;1;1
altruista;4;2
alucinante;5;5
amabilisimo;5;4
amable;3;4
amado;4;
amargado;-3;3
amargo;-2;3
ambicioso;3;2
ambiguo;-1;5
ambivalente;-1;
amenazador;-3;7
ameno;3;3
amigo;3;
amoral;-3;4
amoroso;4;
ampliable;2;
amplio;1;
amplisimo;4;
amueblado;1;
anal;-4;
ancho;1;
anciano;-1;
anecdótico;-1;5
anémico;-3;
angelical;4;1
animado;3;2
animoso;3;2
anodino;-4;3
anónimo;-2;
anormal;-3;5
ansiado;4;2
ansioso;-3;6
antiadherente;2;
anticriminal;3;6
anticuado;-2;4
antidepresivo;-1;3
antidiluviano;-1;
antiestético;-3;
antiguo;-1;4
antipático;-4;4
antitaurino;-2;
antiterrorista;-2;
añorado;3;2
apabullante;-5;5
apacible;1;1
aparatoso;-3;5
apasionado;4;4
apasionante;5;4
apedreables;-4;6
apergaminado;-1;
apestoso;-3;4
apetecible;2;2
apetitoso;2;
apiñados;-2;
aplatanante;-4;
aplaudible;2;2
apocalíptico;-5;7
apoteósico;4;5
apreciable;1;3
aprensivo;-2;4
apropiado;2;6
aprovechable;2;
aproximado;2;
apto;1;3
apuesto;3;
arañado;-3;
arbitrario;-2;5
archifamoso;3;
arduo;-4;2
arenoso;2;3
árido;-2;1
arisco;-2;
armonioso;2;
arquetípico;2;
arrebatado;5;5
arrepentido;-2;2
arriesgado;-2;
arrogante;-3;4
arrollador;4;3
arropado;2;3
arrugado;-3;
artificial;-1;6
artificioso;-2;3
artístico;1;
asaltacasinos;-2;
ascendente;2;
aséptico;2;
asequible;2;2
asfixiante;-4;4
asimétrico;-1;
asmático;-1;
asombrado;-2;5
asombroso;5;5
áspero;-1;3
asqueroso;-4;4
astral;4;5
astuto;4;6
asumible;2;6
asustado;-3;7
atacado;-2;4
atascado;-2;2
atemorizado;-3;7
atento;3;3
aterrador;-3;7
atípico;-2;5
atónito;-5;5
atormentado;-4;3
atractivo;2;5
atrevido;3;7
atroz;-5;6
audaz;3;7
ausente;-1;3
austero;3;3
auténtico;3;2
autobiográfico;2;
autocomplaciente;-2;7
autodesignado;-1;7
autodestructivo;-2;6
autoinfligido;-2;7
automático;1;3
autónomo;2;4
autoritario;-2;4
autorizado;2;2
auxiliar;1;3
avanzado;3;3
avaricioso;-3;4
avasallador;-1;6
aventurado;3;
aventurero;3;
avergonzado;-2;4
ávido;3;6
baboso;-4;
bailable;2;
bajito;-2;1
bajo;-1;1
banal;-4;2
baratillo;2;3
baratito;2;3
barato;3;3
barrigudo;-1;
basado;1;
básico;1;3
bello;4;1
bendito;3;2
beneficioso;3;2
benéfico;3;2
benévolo;4;3
bienintencionado;2;
bienvenido;3;
bien;2;1
blandengue;-3;2
blando;1;1
blanquísimo;4;
blasfemo;-4;1
bloqueado;-1;2
bochornoso;-4;4
bondadoso;2;3
bonita;4;1
bonito;3;1
bonus;2;
borracho;-3;
borroso;-2;3
bravo;2;4
breve;1;2
brillante;5;4
brusco;-3;4
brutal;-5;6
bruto;-4;6
buen;2;
buenísimo;4;1
bueno;3;1
bullicioso;-1;3
burdo;-3;4
burgués;-2;
caballero;1;
caballeroso;2;
cabreado;-5;1
caído;-1;2
calamitoso;-3;2
cálido;1;3
caliente;2;
calloso;-2;
cambiable;1;3
cambiante;-1;3
campechano;2;
cancerígeno;-3;3
caníbal;-4;3
cansado;-1;3
cansino;-1;3
cañero;4;
cañí;3;
cañón;5;
caótico;-3;6
capaz;2;
caprichoso;-2;4
característico;1;3
carente;-3;3
cargado;-2;3
caricaturesco;-2;3
carillo;-1;3
cariñoso;3;3
carísimo;-4;5
carismático;4;3
caritativo;1;3
carnal;2;3
caro;-3;5
casero;1;1
casquivano;-3;
castigado;-1;6
catártico;2;
catastrófico;-5;7
catatónico;-2;
caucásico;-5;7
cáustico;-3;
cauteloso;-1;5
cautivado;3;5
cautivador;4;5
cauto;-1;6
cavernoso;1;3
cegado;-2;5
cegador;-3;5
célebre;3;4
celeste;1;
celestial;5;4
celoso;-2;4
central;1;
céntrico;2;
ceremonial;1;2
cerril;-4;4
certero;3;6
chalado;-2;6
chaparro;-1;1
chapucero;-2;4
charlatán;-3;
chepudo;-2;
chic;3;
chillón;-2;3
chispeante;2;5
chisporroteante;1;
chocante;-4;5
chulesco;-2;4
chulito;-3;4
chulo;-2;4
chupado;2;3
ciego;-3;2
científico;5;2
cierto;1;2
cínico;-3;4
civil;1;
civilizado;1;3
clarísimo;4;5
claro;1;5
clásico;3;
claustrofóbico;-3;3
climatizado;1;3
clínico;-1;5
cobarde;-3;7
cobrable;1;
cochino;-4;4
coherente;2;2
cojo;-3;
cojonudo;5;2
colocado;-2;
colorista;2;
colosal;1;6
coloso;-2;
comedido;3;4
comercial;-1;6
cómico;3;1
comodísimo;4;3
cómodo;3;3
compacto;1;2
comparable;1;6
compasivo;3;3
compatible;2;2
competente;4;5
competitivo;3;5
complejo;-3;6
complementario;1;3
completísimo;4;4
completito;2;4
completo;2;4
complicado;-3;3
comprensible;2;6
comprensivo;4;3
compulsivo;-4;6
común;-1;3
concienciado;4;3
conciso;3;2
concreto;2;
condenado;-1;3
conectado;1;3
confesado;-1;
confeso;-2;
confiable;2;2
confiado;-2;2
conflictivo;-3;6
conformista;-2;2
confortable;2;2
confundido;-3;4
confuso;-4;5
congestionado;-2;5
conmovedor;4;4
conocido;3;3
consagrados;4;
consciente;2;7
consecuente;2;2
consentido;-3;
conservador;-1;3
conservativo;4;2
considerable;1;6
considerado;3;6
consistente;2;
constante;2;
consumado;4;
contagioso;-2;7
contaminado;-4;4
contemporáneo;1;
contentísimo;4;1
contento;3;1
continuo;-1;
contradictorio;-1;5
contraproducente;-2;6
contrario;-1;5
controlable;1;6
contundente;2;5
convencido;2;2
convencional;-1;3
conveniente;3;6
convincente;4;4
coqueto;3;1
cordial;2;4
corpulento;-1;5
correctísimo;4;6
correcto;3;6
correoso;-2;
corriente;-2;3
corrupto;-3;4
cortés;3;3
cortito;-1;3
corto;-1;2
cotidiano;-1;3
craso;-4;
creativo;2;4
crecidito;2;4
creíble;2;4
creído;-3;4
criminal;-5;7
críptico;-1;5
cristalino;4;
crítico;-2;6
crónico;-3;3
crucial;4;7
crudo;-1;2
cruel;-4;6
cruento;-3;6
cualificado;3;3
cuasirealista;-3;
cuerdo;4;3
cuestionable;-1;3
cuidado;4;3
cuidadoso;2;3
culminante;2;6
culpable;-3;3
culto;2;6
cultural;4;
curioso;2;5
currados;4;4
cursi;-2;3
cutre;-4;3
dantesco;-5;5
dañino;-3;5
débil;-3;3
debilitado;-3;3
debilitador;-3;3
decadente;4;3
decaído;-3;3
decente;2;3
decentillo;1;3
decepcionado;-3;2
decepcionante;-3;2
decidido;4;2
decimonónico;-1;4
decisivo;4;6
decorado;1;3
decorativo;2;3
decreído;-3;7
decrépito;-3;7
dedicado;2;
defectuoso;-4;3
defensivo;-1;6
deficiente;-4;2
definitivo;4;
defraudado;-4;2
degenerado;-4;7
degenerativo;-2;
dejado;-2;2
deleitoso;3;1
delgado;1;
delicado;-2;6
delicioso;4;2
delictivo;-4;7
demente;-3;7
demoledor;-5;5
denso;-3;
dependiente;-1;7
deplorable;-5;4
deportivo;1;
depravado;-5;1
depresivo;-2;1
deprimente;-4;1
deprimido;-3;1
derecho;3;5
derruido;-3;
desabrochado;-2;
desacostumbrado;-1;2
desafiante;-3;5
desafortunado;-2;1
desagradable;-3;4
desagrado;-3;4
desajustado;-1;2
desalentador;-4;5
desaliñado;-4;5
desamparado;-3;1
desapasionado;-2;2
desapercibido;-2;2
desaprovechado;-4;2
desarrollado;2;3
desastrado;-4;2
desastroso;-4;2
desatado;1;5
desbordado;-2;3
descabellado;-5;6
descarado;-4;7
descolocado;-2;2
descolorido;-2;1
descompuesto;-4;2
descomunal;-5;6
desconcertado;-4;4
desconcertante;-3;4
desconchado;-2;
desconchados;-1;
desconexo;-2;
desconfiado;-1;2
desconocido;-1;4
desconsiderado;-1;6
descontento;-3;2
descortés;-4;4
descuidado;-2;2
desdeñable;-2;2
deseable;2;2
deseado;3;2
desechable;-1;2
desechado;-2;2
desencajado;-4;2
desenfadado;2;5
desenfrenado;-3;5
desengañado;-2;3
desequilibrado;-1;2
desesperado;-4;2
desesperante;-4;2
desesperanzado;-2;2
desestructurado;-1;2
desfallecido;-2;4
desfasado;-2;2
desfavorable;-3;2
desgarrado;-4;3
desgarrador;-4;3
desgraciado;-3;1
deshechado;-2;1
deshilvanado;-2;1
desigual;-2;4
desilusionado;-2;2
desinteresado;-1;2
deslumbrado;-3;5
deslumbrante;5;5
deslustrado;-1;5
desmedido;-4;5
desnivelado;-2;5
desnudo;-1;5
desobediente;-1;1
desolado;-4;1
desolador;-2;1
desorbitado;-4;2
desordenado;-2;2
desorganizado;-3;2
despatarrado;-2;2
despectivo;-2;4
despejado;3;2
despiadado;-4;1
despojado;-2;6
despreciable;-4;4
despreciado;-3;4
despreocupado;2;3
destacable;4;5
destacado;4;5
destartalado;-2;6
destinado;-1;7
destripado;-3;6
destrozada;-4;6
destructivo;-4;6
desvanecido;-1;5
desvelado;-1;5
desvencijado;-3;5
desventurado;-2;1
desvergonzado;-3;7
desviado;-2;6
detallado;3;5
detallista;3;5
deteriorado;-2;2
determinado;-2;7
detestable;-5;4
devastador;-4;5
diabólico;-4;7
dichoso;4;1
diestro;3;
difícil;-2;3
dificilísimo;-4;3
difuso;-2;5
digerible;1;3
digital;1;3
digno;2;
dilatado;3;
diligente;2;2
diminuto;-1;2
dinámico;2;3
directo;-1;7
discapacitado;-1;1
discordante;-2;6
discotequero;1;
discreto;2;4
discutible;-1;5
discutido;-2;5
disfrazado;-1;
disfuncional;-3;5
disgustado;-3;1
dispar;-2;5
disparatado;-4;6
disperso;-1;5
disponible;1;3
dispuesto;2;4
distante;-1;5
distinguido;4;5
distintivo;3;5
distinto;1;5
distorsionado;-1;6
distraído;-1;6
diverso;2;5
divertidísimo;4;1
divertido;3;2
divino;4;4
divisorio;-3;2
dolorido;-2;7
doloroso;-4;3
dominado;-2;7
dotado;1;4
dramático;2;3
drogados;-2;3
dudoso;-1;5
dulce;3;1
durable;3;
duradero;4;2
durísimo;-4;
duro;-3;3
ecléctico;1;4
económico;3;2
ecuánime;2;
educado;2;6
educativo;3;4
efectivo;5;3
eficaz;5;3
eficiente;2;3
efímero;-2;2
egocéntrico;-4;5
egoísta;-3;5
egregio;-4;4
ejemplar;2;3
elaborado;-2;4
elástico;1;
eléctrico;1;
electrónico;2;
elegante;2;
elemental;1;2
elevadísimo;-4;3
elevado;-3;3
elogioso;2;2
embarazoso;-4;3
embarrado;-2;3
embelesado;4;5
emblemático;4;5
emocionado;3;2
emocional;-1;2
emocionante;3;2
emotivo;4;2
empalagoso;-2;3
empapado;-2;3
empeñado;-2;2
empinado;-1;
empobrecido;-2;2
empotrado;2;
enamorado;2;1
enano;-2;
encantado;2;4
encantador;3;4
encanto;3;5
encaprichado;-4;4
enclenque;-3;3
encomiable;3;2
encorsetado;-3;
endeble;-2;2
enemigo;-3;5
energético;2;4
enérgico;3;2
enfadado;-2;1
enfermizo;-2;6
enfermo;-3;6
enfrentado;-1;6
enganchado;-3;5
engañado;-2;2
engorroso;-4;4
engreído;-4;4
enigmático;1;7
enjaulado;-4;3
enlatado;-3;3
enlatados;-4;3
enorme;2;6
enrevesado;-2;5
ensangrentado;-4;7
entendible;1;3
entendido;3;3
entorpecido;-2;3
entrañable;3;5
entregado;2;4
entretenidillo;1;3
entretenidísimo;4;3
entretenido;2;3
entrometido;-1;3
entumecido;-2;5
entusiasmado;3;5
entusiasta;2;4
envidiable;4;4
envidiado;2;3
envidioso;-3;4
épico;2;5
equilibrado;2;2
equipado;2;2
equivocado;-2;2
ergonómico;3;3
erótico;3;1
erradicado;5;3
erradicación;5;3
erróneo;-3;6
erudito;2;4
esbelto;1;4
escabroso;-4;3
escamado;-2;
escandaloso;-1;4
escasísimo;-3;2
escaso;-2;2
escatológico;-4;5
escénico;2;7
escéptico;-2;5
escuchable;1;4
escueto;1;2
escurridizo;-2;3
esencial;2;2
esmerado;3;4
esotérico;-2;5
espabilado;1;2
espacioso;1;3
espantoso;-5;7
especiado;2;4
especial;3;4
especializado;2;4
específico;2;4
espectacular;4;5
espeluznante;-4;7
esperado;1;2
esperanzador;1;2
esperpéntico;-3;5
espeso;-1;
espinoso;-2;3
espiritual;1;5
espléndido;4;5
esponjoso;2;
espontáneo;1;5
esporádico;-1;5
espumoso;2;
esquizofrénico;-3;3
estable;3;3
establecido;3;
estafador;-4;7
estancado;-3;3
estándar;1;
estelar;4;5
estereotipado;-1;5
estereotípico;-2;5
estético;-1;5
estético;2;5
estilístico;2;5
estilizado;3;5
estimulante;3;5
estirado;-3;4
estrafalario;1;6
estratégico;2;5
estrecho;-1;6
estresante;-4;3
estricto;-2;6
estridente;-3;1
estropeado;-3;2
estructurado;2;2
estruendoso;3;5
estudiado;-3;6
estupefacto;-4;5
estupendo;4;6
estúpido;-4;4
etéreo;2;
eterno;-2;2
ético;2;6
etílico;-2;3
eufórico;4;1
europeo;1;
exitoso;5;2
evasivo;-2;3
evidente;-1;2
evitable;2;2
evocador;2;4
evolucionado;2;4
exacto;2;6
exagerado;-3;6
exaltado;-2;4
exasperante;-3;6
excelente;4;4
excelentísimo;5;4
excéntrico;-1;4
excepcional;5;4
excesivo;-3;6
excitante;3;5
exclusivo;3;4
execrable;-5;4
exento;1;3
exigente;-2;6
exorbitante;-4;5
exótico;3;5
expandible;2;4
expansivo;3;5
experimentado;3;5
experimental;2;5
experto;2;3
explicativo;1;3
explícito;2;3
explosivo;-3;5
explotador;-4;5
exprés;1;5
expresivo;3;5
express;1;3
exquisito;4;4
extendido;2;4
extensible;1;4
extensísimo;3;4
extenso;1;2
exterminados;-2;7
extraíble;1;5
extraño;-1;5
extraordinario;5;6
extravagante;-1;6
extraviado;-1;3
extremo;-2;6
exuberante;3;4
exultante;4;4
fabuloso;4;4
fácil;2;3
facilísimo;4;3
facilón;-4;3
factible;1;3
fallido;-4;2
falto;-3;
familiar;1;3
familiarizado;2;2
famoso;2;4
fanático;-4;4
fantasioso;-2;6
fantástico;4;6
fascinante;5;5
fashion;3;5
fastidioso;-2;4
fatal;-4;1
favorable;2;3
favorito;3;5
feísimo;-4;5
feliz;3;1
femenino;2;
fenomenal;4;6
feo;-3;
feroz;-2;6
férreo;-1;
ferviente;-1;4
festivo;3;
feudal;-1;
fiable;2;2
ficticio;-1;5
fiel;2;2
fiero;-2;6
filonazis;-4;7
fino;1;3
firme;-1;7
flamante;4;4
flexible;3;2
flipada;5;4
flojo;-2;2
formal;-1;3
formidable;5;6
formulario;-3;
fornido;-1;5
forrado;3;4
fortachón;1;
fortificado;2;7
fortísimo;4;5
fortuito;1;5
forzado;-2;3
fracasado;-1;2
frágil;-1;2
fragmentario;-1;2
franco;1;2
franquista;-3;6
fraudulento;-3;3
frecuente;1;3
fresco;1;7
fresquito;1;7
frío;-1;7
frívolo;-2;7
frondoso;3;7
fructífero;2;5
frustrado;-4;5
frustrante;-2;5
fuerte;3;2
fugaz;-2;5
funcional;2;3
fundamental;3;6
fúnebre;-4;2
furioso;-4;1
futurista;2;3
gallito;-2;4
garantizado;3;3
gastoso;-2;3
genérico;-2;3
generoso;3;2
genial;4;1
genuino;3;2
gigante;2;5
gigantesco;1;5
glacial;-3;
glamuroso;4;5
global;1;6
glorioso;5;5
glotón;-2;4
goloso;3;4
gordo;-1;4
gótico;-2;5
gozoso;3;5
grácil;1;5
gracioso;3;1
graduable;1;6
gradual;1;
gráfico;-3;
gran;3;4
grande;2;4
grandioso;4;4
grandísimo;4;4
granuloso;-1;3
grasiento;-2;
gratamente;3;
gratificante;3;2
grato;2;3
gratuito;4;2
grave;-3;7
gris;-1;
grosero;-3;6
grotesco;-4;3
grueso;-1;3
guapísimo;4;1
guapo;3;1
guay;4;1
hábil;3;4
habitual;1;5
hambriento;-2;3
harto;-4;1
heavy;-3;6
helador;-4;7
hermoso;3;4
heroico;3;7
heterogéneo;2;
higiénico;2;3
hinchado;-3;5
hiperactivo;-1;3
hiperdeformado;-3;3
hiperpreocupado;-3;
hipersensible;-1;3
hipnótico;1;5
hipócrita;-3;4
histórico;2;5
histérico;-4;3
holgado;2;2
homicida;-4;4
hondo;2;
honorable;2;4
honrado;3;4
honroso;3;4
horrendo;-5;4
horrible;-4;7
horripilante;-5;7
horrorizado;-4;7
horroroso;-4;7
hortera;-3;4
hosco;-2;
hospitalario;3;2
hostil;-4;5
hueco;-2;5
huérfano;-1;2
humanístico;1;2
humano;2;2
húmedo;-2;2
humilde;3;4
humillado;-2;4
hundido;-4;3
huraño;-1;
ideal;4;3
idealista;-1;3
idealizado;2;3
idílico;3;3
idiota;-4;3
idóneo;3;6
ignominioso;-4;4
ignorante;-3;2
igual;1;
ilegal;-2;7
ilegítimo;-3;2
ilimitado;2;2
ilógico;-1;6
iluminador;2;4
ilusionado;3;4
ilustrado;4;4
ilustrativo;2;4
imaginable;3;
imaginado;1;
imaginario;1;
imaginativo;3;
imbécil;-5;4
immaculado;4;
impaciente;-3;6
impactante;4;5
imparcial;3;7
impasivo;-2;2
impecable;4;7
impenetrable;1;3
impensable;-4;2
imperante;2;4
imperceptible;-2;3
imperdonable;-5;1
imperfecto;-3;
impetuoso;-2;6
implacable;-4;7
importante;3;7
imposible;-2;7
impotente;-3;7
impreciso;-1;7
imprescindible;4;7
impresentable;-4;4
impresionado;3;5
impresionante;4;5
imprevisible;-2;5
improbable;-1;5
improductivo;-2;1
impropio;-2;6
improvisado;-2;4
imprudente;-3;5
impulsivo;-3;7
in;3;
inacabado;-1;3
inaccesible;-1;2
inaceptable;-4;6
inactivado;4;6
inactivo;-1;5
inadaptado;-2;5
inadecuado;-2;6
inadmisible;-4;6
inagotable;2;5
inaguantable;-4;3
inalámbrico;1;
inalcanzable;-2;2
inaplazable;3;2
inasible;-2;
inaudible;-2;4
incalculable;3;4
incansable;2;2
incapaz;-4;6
incendiario;-3;6
incesante;-3;4
incierto;-1;5
incomodísimo;-4;3
incómodo;-3;3
incomparable;4;2
incompatible;-2;2
incompetente;-4;3
incompleto;-1;3
incomprendido;-1;3
incomprensible;-3;6
incondicional;2;6
inconexo;-3;
inconfundible;3;7
inconsciente;-3;7
inconstante;-1;2
incontable;-2;2
incontrolable;-2;5
incontrolado;-1;5
incordiante;-3;5
incorrecto;-2;1
incrédulo;-1;5
increíble;-4;5
incriminatorio;-3;5
inculto;-2;4
incurable;-4;2
indecente;-3;4
indeciso;-2;4
indefinible;-2;4
independiente;1;4
indescifrable;-2;5
indescriptible;-2;5
indeseable;-4;3
indeseado;-2;6
indiferente;-1;5
indígena;1;
indigesto;-2;1
indignado;-3;1
indigno;-3;1
indiscutible;3;6
indispensable;3;7
indistinto;-1;7
indomable;3;4
indómito;3;4
indulgente;-2;3
inefectivo;-2;3
ineficaz;-2;3
ineficiente;-2;2
inepto;-2;3
inequívoco;3;5
inerte;-1;3
inescrutable;-1;3
inesperado;-1;5
inestable;-1;3
inestimable;4;3
inevitable;-2;2
inexacto;-2;6
inexcusable;-4;4
inexistente;-1;4
inexperto;-3;4
inexplicable;-3;5
inexplicado;-1;5
inexpresable;-3;5
inexpresivo;-2;5
infalible;4;4
infame;-2;4
infantil;-2;4
infantiloide;-3;5
infeccioso;-3;5
infectado;-1;5
infeliz;-3;1
inferior;-2;4
infinito;1;2
influyente;2;4
informal;1;4
informativo;1;4
infortunado;-1;2
infravalorado;-3;1
infumable;-4;3
ingenioso;2;5
ingente;-4;5
ingenuo;-2;5
ingrato;-4;2
inhábil;-1;2
inhibido;-3;2
inhumano;-2;4
inigualable;4;4
ininterrumpido;2;
injusticia;-4;1
injustificado;-3;1
injusto;-3;6
inmaculado;5;
inmaduro;-2;4
inmediato;2;2
inmejorable;4;
inmenso;3;
inminente;-2;7
inmoral;-3;4
inmortal;2;
inmóvil;-1;
inmune;3;4
inmunitario;1;4
inmunológico;1;4
innecesario;-4;4
innegable;4;6
innovador;3;2
innumerable;2;
inocente;2;1
inocuo;1;4
inofensivo;1;4
inolvidable;4;4
inoperante;-2;2
inoportuno;-1;6
inoxidable;1;2
inquietante;-2;7
inquieto;-1;6
insalvable;-3;2
insano;-3;2
insatisfecho;-2;2
inseguro;-4;2
insensato;-3;4
insensible;-2;2
inservible;-3;2
insignificante;-1;2
insípido;-2;2
insolente;-4;7
insólito;-3;5
insondable;-3;5
insoportable;-4;4
insospechado;-1;5
inspirador;3;5
instantáneo;-1;
insuficiente;-1;2
insufrible;-4;4
insulso;-3;
insultante;-4;1
insuperable;4;2
insustituible;4;2
intacto;2;
intangible;1;2
integrado;2;
integral;1;
intelectual;2;4
inteligente;3;4
inteligentísimo;4;4
intencionado;-1;5
intenso;-1;4
interactivo;1;4
intercambiable;1;4
interesado;3;5
interesante;4;5
interesantísimo;5;5
interminable;-3;3
interpretativo;1;5
intimista;1;4
íntimo;3;4
intocable;-3;2
intransigente;-3;4
intrigante;2;5
intrincado;1;
introspectivo;1;6
intuitivo;2;6
inusual;-1;5
inútil;-4;4
inutilizable;-4;4
invencible;1;4
inventivo;3;2
inverosímil;-3;6
invisible;-1;
irónico;-1;1
irreal;-2;2
irrealista;-3;2
irreconocible;-3;
irregular;-2;5
irrelevante;-3;6
irremediable;-3;2
irreparable;-3;2
irrepetible;4;2
irresistible;4;5
irresponsable;-4;4
irreverente;-4;4
irreversible;-4;6
irrisorio;-3;3
irritante;-2;3
jactancioso;-4;
jadeante;2;5
jazzístico;1;
jodido;-5;2
jorobado;-4;2
joven;1;2
jovencillos;1;2
jovencísimo;2;2
jovencito;1;2
jovenzuelos;-1;2
jovial;1;2
jubiloso;4;2
juerguista;-1;
juguetón;2;1
juicioso;2;6
justiciero;3;6
justito;-1;6
justo;3;6
juvenil;2;
laborioso;-3;4
lacrimógeno;-2;
ladino;-2;5
lamentable;-2;4
lánguido;-2;
lanzado;2;5
largo;1;2
larguirucho;-1;5
lastimoso;-2;2
latente;1;
leal;3;4
legal;3;4
legendario;3;5
legible;1;6
legítimo;1;6
lentísimo;-3;3
lento;-2;3
leñoso;-2;4
lerdo;-2;4
letal;-4;7
leve;4;2
liado;-1;3
liante;-3;5
liberado;1;3
liberal;2;3
libre;3;3
licencioso;-3;
ligerito;2;
ligero;1;
limitado;-1;2
limpio;2;3
limpito;2;3
linchado;-4;5
lioso;-2;5
lírico;1;
liso;3;
listo;1;4
liviano;2;5
llamativo;3;5
llano;-2;2
llevadero;1;6
llorón;-2;3
lluvioso;-1;
lobotomizados;-4;
lóbrego;-3;
loco;-3;6
lógico;1;6
logrado;3;6
loquito;-2;6
lucido;2;4
lúcido;1;6
lúgubre;-3;
lujoso;3;
lujurioso;3;
luminoso;3;
macabro;-4;6
machacao;-3;3
machacón;-3;3
machista;-2;4
madurado;3;6
maduro;3;6
mágico;4;5
magistral;5;5
magnético;2;6
magnífico;5;5
majareta;-2;4
majestuoso;4;4
majo;2;4
malcriado;-3;4
maldito;-4;4
maleducado;-3;4
malévolo;-4;4
malhablado;-3;4
malhumorado;-1;3
malicioso;-3;7
maligno;-4;7
malintencionado;-3;7
malisimo;-4;3
malo;-3;3
maloliente;-4;3
manchado;-1;
manejable;1;2
manido;-3;3
manipulador;-3;5
manso;-1;1
maravillado;3;5
maravilloso;3;5
marcado;-1;5
marchoso;2;1
mareante;-3;3
marginal;-1;5
masificado;-2;5
masivo;-2;5
masoquista;-3;6
materialista;-1;
maternal;2;3
materno;2;3
máximo;1;
mediano;-1;
mediático;-1;4
mediatizado;-3;
medido;2;6
medio;1;6
mediocre;-3;5
mejor;3;4
mejorable;-2;4
mejorado;3;4
mejorcito;4;4
melancólico;-1;4
melódico;2;4
melodramático;-3;4
memorable;3;4
menor;-1;4
menudo;-1;
merecedor;2;6
merecido;3;6
mermado;-2;3
mero;-3;3
meticuloso;1;6
metódico;2;6
mezclado;-1;
miedoso;-3;7
milagroso;4;4
millonario;4;
mimado;-3;
mínimo;-2;
minucioso;2;6
miserable;-3;1
misericordioso;3;3
mísero;-4;3
misterioso;-1;7
místico;2;7
mítico;4;7
mitológico;2;7
mixto;-2;
mocoso;-4;4
modélico;4;
moderado;2;3
modernito;2;4
moderno;2;3
modesto;3;3
módico;2;
modificable;1;
mohoso;-3;
molesto;-3;3
molestoso;-3;3
monolítico;-1;
monótono;-3;3
monstruoso;-4;5
monumental;2;5
moral;3;6
moralista;-1;6
morboso;-2;
mordaz;-4;3
moreno;1;
mortal;-1;7
mortífero;-4;7
mosqueado;-1;1
movidito;2;1
movido;2;5
móvil;1;
mudo;-3;5
muerto;-4;7
mugriento;-3;7
multifuncional;1;
multimillonario;3;
múltiple;1;
multitudinario;2;2
multiuso;1;
muscular;3;
musical;3;
nasal;-1;
natal;1;2
nato;3;
natural;2;2
nauseabundo;-4;4
nazi;-4;6
necesario;2;3
necio;-3;6
nefasto;-4;1
negativo;-3;
negligente;-2;2
nervioso;-2;
neurótico;-3;7
neutralizante;5;2
nihilista;-1;
nítido;3;
noble;3;1
normal;2;3
normalillo;1;3
normalito;1;3
nostálgico;2;
notable;3;
notorio;4;
novedoso;3;3
nublado;-1;
nuevecito;3;3
nuevo;1;3
nulo;-3;2
ñoño;-3;
objetivo;1;
obligado;-2;1
obligatorio;-2;
obsceno;-4;4
observador;1;
obsesionado;-2;
obsesivo;-1;
obsoleto;-3;4
obstinado;-2;3
obvio;3;5
ocioso;-1;
oculto;-1;6
ocupado;-1;2
odiado;-4;1
odioso;-4;1
ofendido;-2;1
ofensivo;-2;1
oficial;1;7
olvidable;-2;4
olvidado;-2;4
onírico;5;
operativo;1;3
oportuno;1;6
opresivo;-3;4
optativo;1;3
optimista;3;3
óptimo;4;3
opulento;3;3
ordenado;2;3
orgánico;2;3
organizado;1;3
orgásmico;5;5
orgulloso;1;4
original;1;2
ornamentado;2;
oscuro;-1;5
ostentoso;-4;5
oxidado;-2;3
paciente;3;
pacífico;2;1
pajolero;-4;4
pálido;-1;2
panorámico;5;6
paranoico;-3;7
parásito;-3;1
particular;-1;3
pasable;1;6
pasado;-1;1
pasional;4;4
pasivo;-2;4
pasmoso;-3;3
pasteloso;-3;4
pastoril;2;
patatero;-4;3
paternal;2;2
patético;-5;1
patológico;-4;6
patriarcal;-2;6
pausado;2;3
pecador;-2;7
peculiar;-2;5
pedante;-3;4
pedregoso;-1;3
pegadizo;3;4
pegajoso;-1;2
pejiguero;-4;
pelado;-2;4
peleado;-1;4
peligroso;-3;7
pelotudo;-4;4
pendiente;-1;3
penetrante;4;7
penoso;-2;2
pensativo;2;3
peor;-2;1
pequeñín;-1;1
pequeñito;-1;1
pequeño;-1;1
perceptible;1;3
perdido;-1;3
perdonable;1;4
perenne;-1;2
perezoso;-2;2
perfecto;4;4
perfilado;2;4
perfumado;2;4
perjudicial;-4;6
permisible;1;6
perplejo;-2;4
perseguido;-1;6
persistente;-2;
personalizable;1;3
persuasivo;1;3
pertinente;1;3
pertrechado;-1;5
perturbado;-5;7
perverso;-3;7
pesado;-3;3
pésimo;-4;4
piadoso;2;4
picado;-1;4
pictórico;2;
pijo;-2;4
pillado;-1;5
pintoresco;4;
pirotécnico;3;
plagado;-2;5
platónico;2;4
plausible;1;4
pleno;3;4
pobre;-2;2
pobrecito;-3;2
poderoso;-2;1
podrido;-2;3
poético;3;
polémico;-4;4
polifacético;3;5
polifónico;1;
político;-1;4
polvoriento;-1;3
popular;1;4
poquísimo;-2;2
poquito;-2;2
pornografia;-4;5
pornográfico;-4;5
portátil;1;
poseído;-3;7
posesivo;-3;3
posible;1;6
positivo;3;3
potente;3;7
potentísimo;4;7
práctico;1;3
precario;-2;2
preciado;3;5
precioso;3;5
precipitado;-2;5
preciso;2;6
preconcebido;-2;3
predecible;-4;5
predeterminado;-1;2
preferible;1;4
preferido;2;4
prehistórico;-2;4
preinstalado;1;
premiado;2;4
prendado;2;4
preocupado;-1;7
preocupante;-3;7
preparado;1;3
prepotente;-4;4
prescindible;-3;4
prestigioso;3;4
presto;2;
presunto;-1;5
pretencioso;-4;3
previsible;-4;5
primitivo;-1;3
primordial;3;3
principal;2;3
prioritria;2;7
probado;2;3
problemático;-2;3
proclive;2;
prodigioso;4;4
profesional;4;3
profundo;2;4
programable;2;2
progre;2;3
progresivo;3;3
prohibido;-1;6
prohibitivo;-4;6
prolífico;3;2
prolijo;-2;
prolongado;-1;2
prometedor;3;2
prominente;1;2
promiscuo;-3;
pronto;2;2
prosaico;-2;5
prostituido;-4;5
protector;3;3
protegido;2;3
provechoso;3;2
providencial;4;6
provinciano;-1;
provocado;-3;5
provocador;-2;4
pseudo;-2;
pseudo-científico;-5;7
psicodélico;-1;5
psicopático;-2;6
psicótico;-4;6
pueril;-3;
puntilloso;-3;6
puntual;1;5
puñetero;-5;3
puritano;-2;
puro;1;
quejica;-3;3
quemado;-1;3
querido;3;4
quisquilloso;-2;1
rabioso;-4;1
racional;1;6
racista;-4;1
radiante;3;
radical;-3;1
raído;-2;3
rancio;-3;3
rápido;2;2
rareza;-2;5
rarísimo;-1;5
rarito;-3;5
raro;-1;5
rasgado;-1;
rastrero;-4;4
rayano;-2;
razonable;2;6
reacio;-3;
real;1;2
realista;2;6
rebajado;3;
rebelde;-1;6
rebuscado;-3;7
recalentado;-2;6
recargable;4;3
recargado;-3;4
receptivo;1;3
rechazado;-1;2
rechoncho;-2;3
recio;2;3
recomendable;3;3
recomendado;3;3
reconocible;1;5
reconocido;1;1
recordado;1;4
recuperable;1;3
recuperado;1;3
reducido;-1;3
redundante;-3;2
referente;3;4
refinado;2;
reflectante;2;5
reformado;2;3
reforzado;3;7
refractario;2;3
refrescante;4;3
regio;4;
regordete;-2;
regulable;1;2
regular;-2;2
reivindicativo;1;4
relajado;-2;3
relajante;3;3
relevante;3;5
religioso;-1;4
reluciente;2;3
rematado;1;3
remodelado;1;3
remoto;-2;3
removible;4;4
renacuajo;-3;
renombrado;3;4
renovado;3;3
reparable;1;3
repetido;-2;6
repetitivo;-4;2
repleto;-1;3
representativo;2;4
represivo;-4;4
reprochable;-3;4
repugnante;-5;4
repulsivo;-5;4
reputado;3;4
resabidillo;-2;6
resbaladizo;-1;6
rescatable;2;2
reseco;-2;
reseñable;2;
reservado;-1;6
resignados;-2;3
resistente;3;2
resonante;2;
respetable;3;4
respetado;3;4
respetuoso;4;4
responsable;2;2
resuelto;2;2
resultón;4;2
resumido;3;
retocado;2;5
retorcido;-3;6
retrasado;-1;3
retro;-1;
revelador;-1;5
revenido;-2;3
revolucionario;2;5
revuelto;-2;3
rezagado;-2;3
rico;3;4
ridículo;-3;4
rígido;-2;3
riguroso;3;6
riquísimo;5;4
risueño;3;
rival;-1;4
robusto;2;5
rocambolesco;-3;5
romántico;3;5
romo;-1;
rompedor;4;5
ronco;-1;3
roñoso;-3;3
roto;-2;3
rotundo;4;7
rudo;-3;6
ruidito;-1;3
ruidoso;-2;3
ruinoso;-3;1
rústico;1;4
rutinario;-1;4
sabio;3;3
sabroso;3;
saciado;2;4
sagrado;1;4
salvable;1;6
salvaje;-4;6
sangriento;-3;6
sanguinario;-4;6
sanguinolento;-2;6
sano;2;6
santo;3;2
santurrón;-2;
sarcástico;-3;2
satánico;-5;7
satírico;-2;7
satisfactorio;2;2
satisfecho;2;2
saturado;-3;
seco;-1;3
secreto;-1;5
secuestrado;-3;5
sedoso;3;3
seductor;1;5
seguro;5;2
seleccionado;1;
sencillísimo;4;
sencillo;3;2
senil;-3;4
sensacional;-2;2
sensacionalista;-3;2
sensible;3;2
sensiblero;-4;2
sensibloide;-4;2
sensual;3;3
sensualísimo;4;3
sentimental;-1;3
sentimentaloide;-2;3
sereno;2;2
serio;3;4
servicial;-1;4
servidos;1;
servil;-3;
severo;-2;2
sexual;2;1
sexy;4;1
sigiloso;-2;5
significativo;2;
silencioso;1;5
silvestre;-1;3
simpático;3;4
simple;-1;1
simplificado;-1;1
simplista;-1;1
simplón;-3;1
sincero;3;4
sinfónico;3;
singular;4;5
siniestro;-3;7
sintético;-1;6
sinuoso;-2;3
sobrado;3;4
sobreactuado;-4;4
sobrecogedor;5;5
sobrecogido;3;5
sobresaliente;4;4
sobrio;2;3
socavado;-2;3
social;3;2
soez;-3;1
sofisticado;3;6
soleado;3;3
solemne;1;6
solidario;3;4
sólido;3;6
solitario;-1;2
solo;-1;2
sólo;-1;2
solucionado;2;3
solventado;2;3
sombreado;-2;3
sombrío;-1;3
somero;-2;
sonoro;1;
soñado;3;4
soñador;2;4
soporífero;-1;
soportable;1;4
sórdido;-3;5
sorprendente;3;5
sorprendido;2;5
sorpresivo;-1;5
sosaina;-3;2
sosegado;2;1
soso;-2;2
sospechoso;-2;5
sostenible;1;3
suave;3;1
suavecito;2;1
suavizado;2;1
subdesarrollado;-1;3
subjetivo;2;3
sublime;5;4
subliminal;-2;
subnormal;-3;4
subrealistas;-3;4
subversivo;-3;4
sucio;-2;4
suelto;-1;3
suficiente;2;3
sufrido;-1;3
suicida;-3;6
sulfurado;-4;
sumiso;-2;3
suntuoso;3;3
súpercéntrico;4;3
supercontento;4;1
superficial;-1;3
superfluo;-3;3
superheroico;3;
superior;4;4
supermadura;4;4
supersencilla;4;4
superventas;4;
supremo;4;5
sureño;1;
surrealista;-2;6
sustancial;2;
susurrado;-3;
sutil;2;5
tajante;-1;7
talentoso;3;4
tangible;1;4
taquillero;4;
tecnológico;1;3
tedioso;-2;3
temeroso;-2;4
temperamental;-2;3
temporal;4;2
temprano;1;
tenebroso;-2;7
tenso;-2;7
tentador;2;5
tenue;2;7
tercermundista;-4;4
terminal;-3;
terrenal;1;
terrible;-4;7
terrorífico;-4;7
terrorista;-3;7
terroso;-1;7
testarudo;-3;3
tétrico;-3;7
tibio;-2;
tierno;3;2
tieso;-1;
tímido;-2;
típico;1;5
tirado;3;
todopoderoso;3;
tolerante;1;3
tonto;-3;3
tópico;-1;3
torcido;-1;
tormentoso;-1;3
torpe;-2;6
tórrido;3;
tortuoso;-3;3
torturado;-1;3
tostón;-5;3
tóxico;-4;6
toxicómano;-3;5
trabajado;3;4
trabajador;2;4
tradicional;-1;5
trágico;-3;5
traicionado;-3;3
tramado;-2;5
tranquilito;2;1
tranquilo;2;1
transgénico;-5;3
transparente;1;3
trascendental;3;3
trascendente;3;3
trastornado;-3;5
traúmatico;-4;6
traumatizado;-4;6
travieso;-1;3
tremendista;5;
tremendo;-3;6
trepidante;-2;5
trillado;-4;
triste;-3;1
tristón;-3;
triunfante;3;4
trivial;-1;2
tropical;1;
truculento;-4;
tumultuoso;-2;3
túnido;-3;
turbio;-3;3
turbulento;-3;3
ubicuo;-1;
unidimensional;-2;
unido;2;
uniforme;1;
universal;3;3
urbano;1;
útil;4;2
utilísimo;5;6
utilizable;1;6
utópico;-1;4
vacilante;-1;3
vacío;-1;2
vacuo;-3;
vagabundo;-3;
vago;-3;2
valeroso;4;4
validado;2;6
válido;1;2
valiente;4;2
valioso;3;1
valorado;2;4
vanguardista;3;3
vano;-2;4
variable;-1;3
variado;2;2
variopinto;1;3
vasto;1;2
velludo;-1;
veloz;2;2
vendido;-2;
venenoso;-5;7
vengativo;-3;4
ventajoso;4;2
veraniego;3;
vergonzoso;-3;4
vernáculo;-1;
verosímil;1;3
vertiginoso;1;5
viable;2;2
viciado;-3;1
viejo;-2;4
vigente;1;2
violento;-4;5
virginal;1;
vírico;-4;6
viril;1;
virtuoso;4;4
viscoso;-3;
visible;1;
visionario;4;
vistoso;3;3
vital;2;1
vivo;2;1
voluntarioso;3;2
voluptuoso;4;
vulgar;-4;4
vulnerable;-2;5
yermo;-2;
zafio;-4;4
FALSO;-3;2
VERDADERO;3;2
